"hash","height"
AFA727DEE1AF14AEADE893D7794C97B1C40F47CDBDC266A735ADB693C4D3D5B8,118722
"383B0F84BC87A18FE6364AA14C4ECC5B469AB085461F0C1B25760943EA7C7FA5",118915
"89DD527626F6F5B84514AC55B00F16023AE2339398A54087DA2DCCD79BFBA7AA",119361
A58A21D4ABD8357FADFD27615CE0BB49E41C0A90D18BCB6C7FFE5AF7DA7B4AAE,119920
"5B9154F9D363BC45B8C2B02528F27C2F4D982455B6ACFDA0D6F3FC2BA7396436",119964
"82859F4C5B577E0E72707E3E454E0CEAA2E45626EB97741E998E1625CCAEA786",120310
"300D59D746ADD4E94E6EBED618ABDC07851728B8F864A1A977C1D2C0F4A01F85",120350
F7FC000FF4B42AF5654941B6FF9676DBE135271B0EE8B5127D0E1DF412E50F3C,120401
"3CD96D1CB641FAEEF09123E3EE42D6D69BBC9A2643087F112641271DFF3036F6",120567
"9ECCEFDB134C5FB157142476A7353BB5C3E3D7C7A858556DB60A6B2A9C385A3A",120712
AD8192D9F2A6CAD6435F9626D61CB290B605C5C254A44BCDBB19A0CCA3120E3B,120725
A77673DBA3CE3C174D1F78CB7F8E920774DA8B5316608B3D1AED108078DD0EE7,120750
"9C40B9DB6F93E6E35C862E2286E50545673A13E0AC6819AAA4221005A5B0B4D1",120792
"91F4CE17A8A4BB233C073C78C70526A1B16C7A9F92AC38F0F1EE7DAA50F473A2",121098
CDD7CBDD78358E1C9C2F71AEE4EC6D063BE61ED3575B178AFDFB328B5FC5487A,121221
B424B596DAC712E13309EAC405D62A204E61EFA2516D0971D74C63C5F9234A07,122046
"6E37E2385213264EE4ED82C9F74293278B3EE2810F8D6D271EF07E8B6D54FCEB",122260
"9ED63AF1ED5A016179DBE302D0092398AA62E16F62A9193AE9DECD3E58745DDD",122579
"742D77A57D2F4B7FFC48162A67F23D929ECCC98593299C3D7671E86FBEF64A0C",122580
DEF8B35E17044F987E89FBC48A22A9D7DF7DC2044731F6A44C6464565B24B0BB,123140
"173E7F226DF0BADF3D2E71BF5122DB55B2F283A6C7C2ED97D43F8CCAE1FE26DB",123140
"09B7CC92CB17F5F5D519B8E565FBFAFA802B752CBC5212BD44EFC34231E708DF",123384
"342317AEE9C736171BFE460F1C4085562F5D1EDCFDB26B91C05D51F3414FF811",123420
"4754BE1781693671268F1B5DA63D7B0720CB75D71EF91AEB45381D3CEE16A401",123428
D412FE694C9A9C0B00D4934369740D22FFACCC62E6A842EA3012C792EC0D35A9,123441
"498B77258FDC25D7FD07799CB1EEC911FEA07FB5C0782A49E5FD325481CFC3A5",123596
"62D8E5FED004BE00C9887EB3DBE1942D1809690C96CDA1668C5B4C5C618C9199",123597
"61B0F6EEC365E57C968AD9AF01325BF52F7E277277CE1A5E248872BF357C4ECD",123710
D2552026E0B1398A9F3025B1D97CC477114BBF644594468A5D316D645C9890F7,123831
"08A2DE7118D3722E72E779E2A815FCBA385B86443C9ABE25B1E43A57FBDB2CBA",123853
"625F2BFD54491684837C647075860D06A05C59FE2FC1D8A3C93B56F39B28AF53",123911
"6B5DD27566CFF78D39E5AE820AC9162FDDAB80A36A6417256A735FB028348CB2",124376
B6E8669E9409AD9A4A9F2013947E7F2BD9D0ACA6831F4BB4FA293D7E0BEF3018,124496
CA47446C05E95A0DC565401274B98C11F44947F8821720077F79460ED210E3CA,124496
"440FF8D8A5A5DE5C7B37FC85F8AFDAD7E3E31EEE44D29EAF46109A3310CBF779",124550
"7BAEABFB85DF9C3E5BB9A0A45C3E5B9E134F0B600F4CD19D27E2D10543928B1D",124554
"0ACA1A9417F313E413BD50A81C10BE3328EE1E7758120529B0412F822B0DD5D5",124672
F52784FE6ACEC96FE9111BD4A63BB8654D0EE2B1B0F7762844FB37A6A791B324,124789
"8379BC47F8CC04D3EFF494527A770CA902EFBF5615A44130E958593B6E80D041",124849
D73CD30536F71BAC2F8B8CFB317F9E76FE3730152B11A30C7B57D2DBE10B5014,124849
AFDE1391A82D1700D214E2029B43B21B013C707C823A3B1709F66CE7642F9573,125029
"9D40B17D9AFC95D5B8244B1232F7F182220934E9055319D3A049BFACDC27A2E6",125090
"0CA47A115AFB0D1F93952A9479DF5A898CC8B9DAFFE7B7BE8A590C431BC7CD41",125105
FB20EC04C81BE52240F981A189C00CACEBAD8C9FB147B31771D3B4991EBFE8AB,125270
"23CECF8C9B76303B2399FABD71BC3EA24C9F2CBF4CB4753D09589779A59DC4D4",125326
F7ECFCC2F8AB2436BAD9A5D3FB42D54069101093E4481CB28236687E2B170285,125396
F9819D8CC7DA3E2FC6BD87AD7AD4E985A6F59A3FF7331930F50FD2F4FAB54046,125417
"1EFA49B888D37A0BD4C327032D920C11321873A40C0380E0C54E88B1117E2C85",125575
"804CCD502A6CB23EC539FC54B0D5A188E3A3C101462B65B84910267029082A8E",125633
F70E80B4CDEDCC11DDBFADB42BA0082CE48CC5022ECF35E48B098D38005FFF71,125650
CC9F6AA2BA58EECF44111EA3AC68004F6B824AAE5ED82C9B883FA44554E7131E,125758
"95BEF399F73CA6F3E628DF6667C423867C5F91DF55E98E43986E235577A78EC2",126082
DB63F094A8489E9065ECD1E0F2DB75012A5995683E061232993F8F3A26B8ED65,126304
"6DCDD6FA5ADF8AE49E789F38013DC524225443549CDEB09622371EB597522411",126744
"733C02B5B4641ED0EB93952370A5BCD6C133D60CEF95B5C767E8926395BF4F2C",126746
"85B59A6A248A430DC69AE0B7F54F2633059384A8F7F981D5056DA3E13A986C8B",126783
"9AF00DBF4EAB638ABD048A14F22B495FABC9A430971928C768100B0F64108089",126805
FA63E9B90F154B2CF93619E8D4C87036DEDC28BB90650D6960E8DC5BD10ADF09,126839
"315B7FEAAC61502C064B8DBDCA6B4C2C9CAE126553B8B5728A72458D49F7F12E",127026
EE75961127D150050F034ADCD1E2E6E63F48F151E0D0F2DB97053D84F8EBBD25,127036
CA12EBFECA4B89D23F5D0ADA118AA8E1415D951263BBA81E71E5E7DC8BF90D5E,127037
"69475A65B1D644B912ED664A897495170378D9491060C592CC0ACAEB096C2FC0",127158
"79608A5A127FAA2AC6DA42B2AED1198BB28A0E5A6BE3B86C2B50FD096A6F4DE4",127160
"267AC7539A6E6665CFF748242B58AE64099E97723A67CA272E0608271B3A0691",127164
"7E91C5B5DFF22E4B2E33CF9AA2E86C44907B8250D16DFDB0428BBEE06645BF50",127267
CC08ECDA4FA50CBF67F83BBE228CCDFD02CED958CC92EB6933A8B96435E82AF0,127290
"4A497024504A50C7FB6E0511009E1552285EDE6427CAF509D02994674AAF46B9",127292
"88326F41F405C24F8F55A28981FBD4E76E9ECA60A5F5D1E1C45295F694C8A99B",127507
"01AB666BFB9BF5B7696F5AD81705AECDA2CAD951C424B17670CC454440D3B3F4",127549
"08A7DCE9FB6914CDD1E19F59FAF9E59A7932D34B2A91CABC18357860FA2D8C53",127555
"28B65B146175DFB1EFC0CAA73E0E11C94DF59B42FC7F8289C8E0C6051FAB59DE",127589
D5BC4B9511E1640DFBD8DA281F23276D4347573B48DF355A4A64357AB010B067,127654
E89E07F2F5948387B7A9122B7442B8C7C3767B4A8366399CCC7949C5D6D01BC0,127726
E56DAD84ED1E3F42E59554F271EA97812447C4F8E92C5EC4C0472442B522E5B0,127807
"5A096F644DC983828914D7F71D73C80622EC48012EEC6311114B6A3119DEF39B",127912
"146250181CE3E627A72D137D7003BEC793637D35DD3A54AF35CA8944F59F6B5E",127935
"7A9572022E6B52DFBF9424A7847F100421F199A8C2E06A1EAD5400BB0783F8AC",128154
"54EEA9894B8F19689C064C31909A94C70B45E951F66692A3A0E3708683868061",128327
"8CDD244840C79B906FE1B515A5B5A7F712BC8EB211744186EDBEAFD31A56ED6B",128478
"9DFB621CA852E91C7E398DF6C6C60C2FF717F46F1045857F559EE669E797F051",128510
B77CA8972C85B7E91A2B77FE46A6830032CAA9F6B6B01889674A1CFB4AC1BA78,128577
"1F1C820602549AA9AFDCAAC424773AB8FD956814DA3F9F91AE30E172371FCB4F",128602
"3B530D0524DFEBBE77CAD9014D875CDEBF3E4160ABB1354CBCB6490D6A2646E5",128602
"25DE6902FEFB60C80FBE8B103D68C37EFFB0C8DAD4E986795D4B90E4299A7F5E",128665
"057120B9D2FC8C7293C31D79387BA2B07190F1A4DF9C79C40438C2C1BCCA6F5C",128680
CA1F1B346BA4A46DCDD204233D9A33F5328322FE2FE671DE1A0F77F7CD1F06E2,128818
"4E406DB2DD363C6A2FA55B44B68A6C99894991B9946DBFDF8CBC0D7D1E5A8F2E",128872
"9E859CD6BC5970CB135105FFC16F778835FB9A4E2169BCC93E7ECF31C80EC50D",129046
"8F6D475BE316DCB062C89DE2AFAD306E26ABE6CA7810BDDE05F4AB12C46AF467",129062
"52E68E3536ABFD14A418758C43835C5A423EA18E8A2534A71064A68B30FFEC97",129229
"24AE0D7EF61345EF0A681316D06A68FCC5FFA64438AFD508822C7135244FE206",129283
BD5A5A2AC57B859FC0A065425A9CB71D5C11106F2736D7A00D41885E587B1F26,129302
C2D350CFE63AF5C88F2861043F76A0596B85458AD1417EBCC3FD1B474755F812,129302
"1EEBF82E3C2888042CF8C07AEA151D5D1B8A3D9125E49735999E740D80990F7B",129353
"55ADC7A08575CE3D5554938FBAADA6081BA24F72D18FD1F69831CD9D2A1AAD02",129360
"79A9341A9BF91412FF0635421FCBD4716DF958F9AAD0735FCC77628EBAF12F10",129413
"6CFB93F01BDBA927BCB4B37357BE4164A8283CE1D050AE8E87B5C69281EF5232",129447
"3460026008FE81AA5DB7A3EDBDADB32395886F4257FEACBFBFB03D85A76C8E28",129473
"3254D447594A3FC5CF2D962C4394AB33ED6B3545B26D4DA99E2EC84346D7A3C4",129814
"90CAEBFB72DC7B0E374DC67830334629522B23BCAC2AE35A85FA44D76D8498D6",129814
"3255909E54D966F9DF5483BF8E713D7F3EF9D753A1272E94FA8007790C8D51A2",130067
C902C1BA1564996DBEFEAEF48A09B8A1BBD1C4990A02B37EDD1D8B684841B8A5,130093
"7A7275846A5FE1BD2B82DFE391BD80B165F6CEFD022ABF96C8E1DB3C3E4B1FC6",130217
"4530AEBAC19249F0DA538EC6985D87D0E242A6898CC667424B2268A17E6331C6",130462
C0EDDA51AEA23FD663B89815759D3D0F7563C2918A1A0A23A7F55E91CB12D515,130531
F8FFBC854965C4B81F9F98C082F9AFB711F898ED75AF0DAB37990DD759A15133,130601
"298E767E2FF4F2F1FE0FE09D0F59508EC88AD18920B6AA797665F85C3A9ADA61",130643
"59FF0BC2288C5D035449305FD30189C0603504B961D74E881E3DD0A9BAEBB59D",130765
"9490A821FF7AA93BB04ACBE34B43F071ACCBDFD5F696438380367C8F575AB119",130834
"878223E55EA5C1DF5BBA0D7C0F438ADB29711FEB529E3072F1E752DB3B722440",130909
"737FD2112C2BAF56CA65F06E7353BFFA817152819CAEDDCB6EFA47C55593C0C0",130937
"25EBFB200EFE37336D24898BE4840ECEEDBEB563F3C63D20B078F73E09384269",131031
"93E817D51AF3B81F074E4B671180656C3ECA41D6D4CF57B1A8C856175D696CA5",131069
EAF62F725F895B4786088F966252E4D379366E6AA54FE93179B60B20EE62DA3B,131069
"589E596ED96E5B679721C1EC2A2E4DA014C95B82BE23D949C54B41573B2822CA",131225
"679DA405EE18DD0687736D9B21265C85CA1CF4D5ADF700653515E632FF9DBEA9",131371
D3DB4758B442DE6FAD22721FCF886F6BC460016EF0F7B1FD53240ECEC08BBC54,131519
"97F2F7479857B1C98227E71A124A5FB41AEE819237589618EA86BA4141EBE431",131717
F03C65B5CF8135BA4965A6D5D4E7CF725885F186273725241E7E3E635EA69C22,131755
"1036A5DD485A3192C1997C4903CB3C15F07E25ED9E050C5B215279D41A6DF9C1",131808
A8A6B62C9F09C09C80E873B167FC32035684D2EC6E3874752F831C599E50BBED,132038
"4F608428518D461132751820C115782B66F9AA3BA90EB23A520FB6D40B583AC5",132181
"6FAC9E30E5B88D04EFB3A729E508DCD33BF32C48359E3744309D81EB4F644E2D",132209
"811CD5A697832422CA8AB6ADCF549C29DFCC33AB79248927003FD50AB4CE869C",132333
"4B677A0DB01300E956F1ABA72CE2181B58D4759E55E2D92F8364D9F11F43B9D0",132371
"177C1DBF902210DDAE634FB6957EA5D2AA21C4C22A9DC6D462747E355D25B973",132374
"1A00B6E3DBB25DD1CCDD4D6918CC072FDB101D41C811471C232EA55343D2787C",132482
"9C8381ACACD51BFBA3803BC76106DB81770835D4F131C679571F85F84E77E5BF",132496
A0BFD5CB6E6A77A15A8B822FA0D83CFD0402CC7A26837066BB422CB4D2BCE9AD,132627
"5BC743B9899FFD17EC548040A00F35D7563C33688001419361670D1D215DC18A",132650
BD99B91B98A84CB2214C23D08B711FD7BB53627D3C48BAEC4DB1EB05039E730B,133001
D5A569A491671B8C90F67C36D479EA2805C5826F103857277A5500D600E94D92,133030
B2E9877861F1A39FD4E28FEBCF33A8A3ED9DB8424AC624D78A7B287382B4B8BF,133032
A0386023C137B109976F839EB45B721318F0E6B611FC67AF641923120131A3A9,133193
"87F13847D8A4926D561A3B64BC2C381A77BA5F9F8BC21885E64D118722535539",133372
"4948E0EC96E931224F6DABD613894D4891DE86C0E59AF28F478D185682703AE6",133425
"2CD8362C4811655DE3A2A82651B7C6CA03F08303061547B66FA5524038B599A7",133539
F9B1AFA4B34ABCA34EA3F927DEBDFDA5B23A3AB0C1E1E655F62E3F1C80DE2DCF,133545
F4C75DBCF5BEAC3FDAF2699F6B5C51F87D9F58B7C397932D76AE37B7D17F063E,133582
"494F033378821BF02234062806384D7596C513DC26A34BB7DA6E69ADF9E78A3F",133698
"6E12A72EC8B2F1F1A6DF142E9650180C43C6810E67FEC3FB83CB6048E86B411A",133711
F74E0ACE6B34F4BF433309C1DA27E2E426D9823782AE11AE8A6AC0BF8F408366,133830
E1987DEE1B6A5A28DDE1BADC130BC5DE3783FCCC351786BFFF404D8337E635A1,133837
E54356A12DD874F45A68BCD4BF9EF84DCE0510C90ECC3D99C68411DDBD3D33A2,133857
"6BB4E309AC827ABDB8828236ADB3478C4FBA6D58908AECD7BFF63EEF809AEE0C",133886
"396959AB7DD80F4F7DAEBE6218FFBA9D184343575413BA8B9F3CFE4B03DD0CD6",133992
E1A94644459F822BFFAFBD103D468EECC958A8794F9C00AA22F2F09F496C0750,133993
FCE6C8C5850723B7E69A697F57614BF96F9D1C3756F42941A9E425042924B865,133999
"03CE46AA41A1F2FC3D86CE2BAA03FE91D090926803261B8D2BF6AC2090CCA2B5",134026
"5CF82B13DF5740544AE11B8AE41B9121D4D1714B8F675AEFB7098D2559DDFDC8",134027
"853993F55757A5C174D0448B11BC3442590A92C9B24C0AEF8DEFA1F8203F2AB7",134062
FB800B3B650C5A89AA6BA4197ED55C0747E3BC2701307769386B8B7857AB273E,134063
"32A59D475F6C4921C7450E423BFD3AFEDC0929C5AE07F44634F988AFBDDCC335",134099
BF9A0894676ECB08E899B27A5B0AFE8D7FC30060C1C19AA995152DF3FA6F1592,134223
FFAAFEB8BDD1CE4D8BADB55767904ACE55AE4F226BE7945436E0C8D7EA268FEA,134548
B00E5CC52A10E019E9A5BEABBBD5B974D6D615CA7C6E00CBAC7E5AF96A697C72,134571
CFFB8AFA9F85D3F865ED7EFEDF5F2E8800A813DF75C345E824DB70E6E81B2412,134705
"43825108129C1C21D8EACC84D1903BD69D90D4A4A1C649A52DD1896991E0CBFA",134717
CF268B2A736AEE58BCDEB3FD478F391DC578EC955DC314B1C73BCA43D9B22226,134728
D9C7035EC7C1C6FD3D06A655E7084E49488A77353BB549047862BBC6FDBACA08,134776
"054A9F8A3B8CC8E3D4FE2F46A0602E9120E731EF4A21F95DF141AF59CF917046",134791
DC7035F52D18C319DAE4FCCC464CE37A8CFFD93931A9DA9658261F24F8B0469F,134802
"1130920B78C0D84F60CD243BBFAABBB7A7018ABEEE532BF73AD543640051E998",134802
"96A363860F45EBF6B58518D5A9F6F6458A2B166C7BD5FBF034D6C415536C0FCB",134853
"65E7D0D355DB2A773229DF2B834D313AE8A7B0F1A8B89833B3D7439067BB6BAD",134914
E1DCEAAE3EBD400EBB857AB604C459CA5903E142318CF14C062FF2B3306915B4,135029
"48D2C89927924D4C9D2C4E195036B6CB5064BAA1FE2C7097D76E2A006EF34A87",135054
"56C9DB81AB1F0585C217AE0C30137B8E7575C9D208649D4A88DFFD51FD06074A",135120
BF72A908B48A31CFCF23C561985303EA945BB44C180926B034F9CDB9FC9F2A8E,135120
"58EFB96C6A15342582583D0A036D61175C295E9F40846A5A3DE36454C9959A4F",135250
"8A542A71022697F6C5AB50EDCFB65FA95A97C13FC9F1E9B0CAC5BD214DA9A8FD",135301
"62534066846D83D09B67FFB2C76781F6BBF62E45C523C7DFD038EF54F1311A63",135302
"7A740AAE0F61603CC9FC37003E90508AA8BAAA665B88E0D04FDD72AE4C965CD5",135340
CB4B5660A81246D26542ECA2F653D5A98C2AB811BF296C39ACD90D646A670412,135425
E9E57D6C77DEBCACFD3FC8AF232C4B3825761F1B77B6CA6E7F24959B608129CB,135442
"8C0F7E5C5362963D113D10D90B47947550BE25444ED39E70410B1E54AAB14BE8",135653
"065895AA1C566766DD618D80F8795382628C76B71C2E9FA33D9CE7B57C394287",135754
B0C3C633DEF3DEC7956736BAA532026144E4B5D89D4FADD1183488931286C4E1,135783
"3CBCC45CB71C963136A9C3AE300DE82DC952EBA14BBAAB630B4266722A24BE6C",136157
"1014E18C5F43AB92ACDA642688F8E4C306B2F9ECBA0D44F5106C03C4DA8BCFEF",136222
"5E588C882C975C2A139428BE587A8D1B38DF41F8ACC8E6CFEC674391D23B9669",136222
"492CE63F2B17B30D84F0216E5E3F9CCEC80CF40C88BD951E3647099A5E8555DB",136322
F358635D27DC37E2BF0EE713744C19957575C87010B2FF0D50B13B84CF0A6774,136322
BE602D6329C0CB4A32DD281BE9DC1433E39A846E73A2EF94F098F76DCACBECF9,136357
"71B485681CB6E4A4AF3920902AACD135C4E68CC629A5BB821BB8CA0C6C42D491",136539
"77B32119384149FE4E847A82CC4DF6984F1181AC9D76217CE256DA480DC60FF7",136668
"2D372C82EEEC4AF025E863EB8971DBFDAC8644F984A4B0130FC3CF7289C6C7CA",136715
"97A07B5B9D80CAD492BC43E9D74F3F69E94527B5BA6B5661D043ED493FC271D8",136715
"904E636568ADD7F7F4BE670C029E359E1BBC4D2C10FE1A35F1FC9CA87BB68635",138522
DAA4A87A323B04B231F67696467229CEA772C3405774A55B10572D4C36160B9D,138676
"8864B01142790A7EC3051139EF8AEB7C2D4FB2AE06D4B6D4723586EC25110356",138788
AE94E30E63FAD5D389F08420F051DEE9051569A21642375A14E8D6FF91A8CF87,139429
E20D28B6D31BA5060B32742D7A50DC4B4BB72D1F99415C483B8DAC0ED42E111C,139490
"21FCAE37836706730EF05FF95BB0D90CB37CE828A45C44035DE619055FF5B50B",139613
FDE475E506B102AC07F16AF7800B0542F2943046E15F7F4B9F293BEFEE477248,139859
AF19C9FEBC88013499A2D4D59546947A29CAE90D0F260A780750C669968BED5D,139931
"260D3C3412C083A262CE14470A8AF6CF93B73020B6FBBAD319D9BD76CDCF2246",140168
FFD22C421237E162BA5E56A297600AD56AB104555B0C170A78706FFA836C0713,140830
ED6839770EE3287D2D0B34BCA613A747351DECAEAA351C6132617FFF09C1AA0A,141191
A7ADFC9E581CEAD10BA235018D6151EA33EF06942B9CF05A6787962320F2BB0B,141509
"50B684E2C7B9A1BF4DC5CB7E1B0370C600FC21BA2FEBAE7FDA9B5E69CEFBA58D",141544
CFFF739C530B5690A1FF5B33A85E5BC8B850CE68ED9F78DA4837370FAA9FA62F,141593
"16BD678479CCD602DB7B0A8CC00A2E803295A2BE804011F1B30BD7C56E95333B",141677
"04C298CF634DBCFBF95B95E382B450DF921CCD00BCC3579045ECCF803A1623BA",142672
F2F6C8441D80BCED313D9F3D882BFA8909F569A22D39BED16BB460D8840C0871,142933
"24AAEBF0CE72BD1DE45F7E513835B3B67E736E1E2A0EB3A9BA50E7E116BFFE11",143103
"8FF0696E6CAC9247B56733CCA910110912117D1F53527309BA9D09EDBC498BBE",143242
"6408D182745C4518F5711457BAEAE83DBEF9358AF4163657C4603B6B0EC08671",143825
"2F2B420061BA5F3EE274C5C13BDC3A7BF874020DCDBF43332B07507A5EFA4EF3",144068
"7455F09B2486981A38465137E5321BDA06EAFD5A9FF36EBB2A481EFDE8907099",144104
B155D68E549CA8EBBCA29294C8E52354B9D6F0EBC460C4BDDE9E0E8AFD46AB18,144217
"33A8DB8A0EACD08ACE0BB3F2FB75B9AC1BDB517B0D5A785CD5C4C8FDC77EBCF7",144326
"64E080B284D8A8D8131C9536DD98E32749A4764910F0115700FAD4F7F9FD8724",144372
A0C59C88DA699B384E11ECD06A56D1605E1F6F94DA0237C9E529D96BD7FBC3C5,144566
D38E21E12BE40450B97FF295E8B3DB465417C2C4F1EE0350C0E84C0140342A86,144902
"78D587F125E65F93458A26F61AD335A155CD52B0F9E643D872C180E4E1781900",145094
A4F83D529261A3D00A3659CB004D8772A82675D84B121605B32BA9CB03294F19,145107
EE61266F15D8D1B6E89263C88E1587A84B97DE4AE3873B9EF90D6C0F30E4DA5C,145173
F884E7837C32F71C34361B46F425182414FF12B4675F07F0B1366CC18F8C6963,145509
AC9A762C98B544DA7A623DD2C3E047EDD874A307BA4C3E6C4F26AB2A6EAB2BD0,145538
F82F3EAD7D90E072BD6C0F91A644FD0C8E1CD7E3CB9013E395C035E926D13B4E,146088
"30F21868FA46EB5418EC56D986EAF1E9F15C1B43C66658F3C8D7ABEA7AA36B15",146601
"92EE6EA6A973AAF269BD9C5199D6994AA3603D213FBB6E0FC90A9ADC4B488402",146732
C1049ED52F60F0B98A913CE5CDE50483E4C799F05BFC3F5223A1E249F7F29F1A,146991
"505B759D06FA033C7ABD93EA2A4E92C9F3AA554976EEF21B37C5B49730BC19F5",147004
D45339E5418AE3A65AB2817554CAFE54D7671AD48C9AC8464BF58B47ED9920C9,147143
"0B7F5E4C2E708293D86FCEF8002BEB10FF97564B1214AF6C495D30CCF1691B9D",147471
DA863F77AE382E136B1200DC45276A7E3069588591CE8104A5C0EF6E2000D34A,147980
D00544020B98086038BC703BFD75189225E5B189321AE2384A62AA4EF11E46B5,148228
"9D2264EF97A3EC461F69F957919BAA6C19806AA0C1A6650E20CCD8C955320DC9",148556
"4FA6FB3BE95A1D7A84C8405EC8C7747F70B97A8D93A839AF31947A6218C1C1E8",148901
"93C0EAD65F5B4D177E88CA436EAABC08AA958F558A044E069117BBB7F00D4B90",149007
A8AFC6DCA9F3BE9016802C1D0FD7ECD99E71B5804788A49666AE79EB99D9DAF7,149142
BC736F92B8992C5F754F7B439533D99B17209B0CFC7A252F1DF15825CD6BECDD,149201
"93DAF3553F1455110D46600341C6AF5F9FE68E0C7EC09B6C7CBC4D41FCD64D5D",149456
"08666E3DEFED0F12B41A8D728819CDBA879E0D3EBEC92C05544243DF6DED4EBB",149722
"865D8193AE677562B43A0711CD58F74870A2B62BB9AFC0ABF2E128BC2D165CE9",149853
C2E4B2A556D0D5A6771CC4C94A353BF03A95B918F3712E7E21313215D6EBE2C1,150137
"96DF082577FDD9F366288B66210E98C41AFE9878C0AC8EE300D9C078C9F4002C",150243
D3DC36B9E0BB21D345AF876939404FCFF72F5702421F396089D546C901E6B042,150612
"08E3597A2D679935D3E7D63D8E2DC7F6AA328845E80064F24DAB557DE58A33D1",151011
E261D4BFFA02101FF1F2980B225642B1CCECF4B5D17D184D714B040B05BFA966,151149
"1EDFA5CE9B36190AD6AA44514C0C98E3C064FA4C95CAC736A8041F6267892AFA",151378
"58CF1EB6005B568621545F19157F0DBB0001B2438A24FAAE352318F441E66253",151571
DAE3D4B4518E13C986743AC1B2937D1E84AA004D34043EDFCCFC9A644883852D,151679
"4281BA9DEA0D072A0D4335B1715EE8A7C62681EC5A2A626D61EFAFB82A9CE83C",151762
"85FF4F61FB1E18FE5D7D15B06922EB02C0C37E6D78F9B5CC77B6DAEDA1545B54",151799
FB41CB1D13F6852427910F7D2C06794DF314A2F01692777379110C6019F7FD17,152003
"2FC97F611DBB416F336853CD4346CDF7C93C9E9277E8B15634C9562ED4A8874E",152070
BD4EDE8C0EA1DDCC9A82B11B4EF036E0A8D480B12DF421B1467A542509C5F553,152227
"54F5614180750FE119947DC247B6D8659FEB97247D59F129CB6BF61682485707",152857
"6C66433D2A898767E461E1044C5B85DA4A1A5B6F8B8884311BD827860B483E36",153373
"06406BC160EF7F79408743ECDFC050198851C5ADEDF7D79A9341507E85F7CF0B",154070
"19A10E97AA282AC3B59206C17E712B0482C7A00469FE851F3B09062E100262C7",155020
"3FBA81FC89D0C14180E8C0C186003E6F7C4DA9D209295766DFA41FE38836FF80",155393
"351BF67AEA9F4FC13C62E20F28E75F170D123D069406FEB2712E7902B32BE384",155409
"774C098E383A4EC64A85DBD27027A839107092793C56FA1A76D6218029963EE4",155570
E994F9767B05BCF9640D1313C4129077F50BB4FC288DC89E2184079B5DCB69AE,155576
"9F41E256E1B60010FDC02AB06C3CECF1B5401BBFC0F847474A5762A5AF2DAEAE",155665
AC1A8181BE79C8F8C8FB8866A31E061352375CBA052AF6CF1A93A8C9EBF75B5D,155923
"14FF62501362C7FFC2EC5B71F56982112034367C23731F5CD9160F6F4DB8CCA7",155977
"5E846A7BD8F4EF6AAE8E85231DE8C28D817E702F9D719C24E8A2881E7E42B4A6",156309
BDE328432854034BDA3D27EFA7DF464E1C845182EE796F90612EDB7BE68FDEF7,156314
"82B4D9B4AA87BD355EF55BAA28358B429B8BB0C68FA0050DF7177F0F77370353",156502
"09B401A5DA5FA7D3A0C68DA6257DA4F4021963555565692742441B6175E2953D",156568
C24DF3BB60B37F1FD9D7068F235E579A96FD25C55F72FB97B5C0A44322147F56,156623
"4850096176A9DFB7A383AF185349D6A7ECA33E580654E7280D0769DC25CC877C",156755
D041CFCFF28967C1D82D13B3EA756672A8D2188CAC5B3A730C0FA82AEA68191B,156983
A966F2F26CF65A2AC0F307F7F92E553CBFF7371A99EB175937855E522C26A0E8,157045
"4C74EDCC44EF6103AA8D6B7E977DBC0635D2011A9CB4A920EEEE51CAE5C1074F",157474
A27DEFBF8DDEA5893AEC29CA500CF55C5ABF25BC4AA4C834A37C5C3ED251172A,157767
"63F973386CC0A5BE644EC72A79E20D8C9F4AF2068E3AFA72A9DAD3D0A842C645",157808
A5CD55623DAF1B7BC475775303C5D98BAA6C6C84BA53EFA725164524F9E6B80E,157934
C89F8ED095F5EA8B4DE3940338227DD6AAF6D15E670DC98F4F6C2B9747B29A9A,158187
"908E532E17B8984795B495132EA73E80D8748B91441AB6F19BEA7CE1F61782F8",158337
"4848D6C4BE283DE997AD96D83094549BC7FFE956FB7B9C71DD182377141BE235",158744
E2005F93989DA276D6814BA59F3121D2B535A4A655F8E2480665FF2B9D351E9D,158773
"0C811C868F8477CAB630162C430770120B402EA61B661C8B05780DA0313B98E0",159092
"02B450E4B9B5EF7E66390EB1DF6DE70AEEC2D6A4F9698EFA53E30BA1A8F2D168",159286
D57F48ECF241D32DC2B13E293FE09D2B70E667514231F92A873005D92B61FB5F,159415
A31FED7E9899815D29AF72471D30F902FC1BA0FE8F8EA79A26AE14811FF081FD,160212
"8600565F2CB00D4D3D7D77D271E582DCED11E5BB550738D1765B705D4AB6537C",160267
"8C453DEAC71AB0CE62F67E9E56BB507CB01BD1DBCC048E5E3F5A56966711E712",160657
"116408D9CEF27000330AA9AF9E583432FD59D886E6235FA08AADB1DC270D9D85",161033
"5C6247525D21CE39D2DB885C39CCB059DE9D6BAE2888104068B1E4F7DBCCF4AA",161421
"22106A5757AD6E5C39634197CC0F20AB6E2D8748BD304438F071D3B535B01121",161469
"5C135AC2408D317A094079F393E1521A499BD2D608CA1901839B128DA743DABC",161502
"8B80E8C0B808F8EF40CA8BF0F7CD3CB06FCBFF0D7F9B3C4E703C32A7783072D4",162017
"20E180EB410715A242E0ED77F7BE45B24D3844F3DF80AF68CEFCEB558AB7292E",162387
FFA3B9B9ED2FC146501C3301FB0601C442875FC52FE285D5F7C9DA6144853A9A,162474
"5246EF0ECEE7D4B9ED1651344EDB5128CE0775B28619AF430068808D5653E0B2",162592
F9F8C8A35B6EED42053D8F4FD6C0838446D9206FBD2FBF5AC8A30DF94D409870,162943
"0231AAC1096B8EDB8F20382419E37BA5A78F2EABA5C45D1C60D930EC68947258",164236
C7DF82FC8491BA1F55BC4917A493D228860A654B0871792AC98AFA795C54B126,164326
CA2AEFBE1039B2E57A6F0F595C7A8614C4F68C38D0810983C0BCC61E4A697A37,164376
"9EB0683558D75A39617493C29A64301342960A424EDB3042263003BE7C979CCC",164472
"72C2B0F93455299B4E8B50703597A94A048E936AE2A119736656376B13EA6EDF",164515
"4397A64555EC916BF518BDAE0F2BB76421E77071F55F70322510954F3CBBCD43",165043
"907470A1B9A334A95CF4461CEAD9D3223FF4570CAB338E9411B625D2BE9EB61F",165419
EA32DD5A1712D98A35C38F812A5C7BF9191D22161032617840954798C4590187,166294
F60B910BB148E1958025DFC2DDF9BCABFA8E08C03169D84036B660CA5F1795A4,166307
AEB9FB82BF2FA7D2B04A24863B8D9ADCCC0F1AC4CDD0D74824A2C3BF91F1D749,167197
DE8C1478FD02667930E6F3D3A8023D021DEF5673E7E55D63B19A7B2AD4C96C3B,167197
"6B9BF6E0B5E1B617E0FF7E15900C5880BF54E249A7F739D53004F9EBBC73DFEC",167472
"090D9B3B5FA7820819D17941DFEEC57C153585104BD46E0C06A38E67AB71538A",167760
EC205D74A01F5FC07E540130513154F9F2EE986F219D7C05F671B3F447AF62A9,168080
"0113438D3C2F4F2371B79ABD97EE1F568DD4D6F79258A1647B928A2B173F7E52",168080
"7576B5EFAA105F7F887B1B65FE4A7FD282E1BD386EDDE0E59DCC395F66EF78C8",168207
C97B38D7DCC108E928FDF02BDC89481F91482D8B786196F0BFF83737A730744A,168524
"3EEB588947A5FEF773D6E0C6A9603A7095C43D6A0A106EF43E7823247ACFB8F2",168651
"2C3474DA08FA9B051322D413FB5254E189334887563A054921C4355BEC1E3F6D",169167
F36A055DA3E4B8008F8CBC1B80918FC372711B5DA1DE8843EA79BFE85CE2DFEB,169185
"3ED7C9440EF081CA267AE8EC481E46980C067C4A6C993AF9E465A664C2B64255",169189
C9477407FA457DABD46DADC914A079395E3D2C241207B6F804920E7FA47D9A9F,169277
F152A53EE25D387ED2656FA94D1E0385568524580C9FC4B26FDAA7820CD42948,169523
"0BA7263C095434293877ED689F3901C926AA1E46B5CEC4073BCC53C26F27E541",169625
"989F207E16756483B7C1FB6B71C59716A608DD78C50125917CA1C0EE3144F0E8",169952
FE46E68B575968C22AE3A49080D857B29B3342C4AFBED25180ABBA2BAED6AC46,170020
"7480ED5D0E27DBAADFEBBE5D6A6D4974DA3D8E6AB0BB2CE05A00E9B1B9D5B994",170371
"1B0619D3DA979D8D956B0F2ADFD1575A419C32048EB7C0BAF3AEE33996F06042",170612
"53EF205EA11AF7BC17650935EE55AA0E0C467AE481FFEB952C0FBB205209040A",170693
"0915D119F299E20F8D25C351EF3A6302160FD8FD90EA3EB643716F4E6738581E",170708
DABEC84BB2F733A7EB1C5AE8BA63804FA99CD2B06C8AEAF83B08D1D7803FCA13,170913
"9BBB7EA731804EB8D13AC762F2315AE7F5D9A0922CC3977D2E1EB03709069F15",171079
"8913CC3EBE469BD4D5532947DF933B4C9DE2A9F7CFCDC85794D22645CE6F67B8",171183
"890F3A42CB96268BBA9CAE4C32BA485AF7752FACEEDFA23DF7D11AFA623E0689",171260
D922AD00C3BEFA7351E2C7B0CE0DB6DEC2CF9CD4DBEE1B5204B434157F497890,171406
AF4DFE53D3EEEF2F9752E88A0B7FBB190A41A6098F116F788D549045AF769265,171600
"1CB41A1E1DB71AF6E61980D3F4C760CAAAB8B482EAD14A8D42623CB92136BF0F",171751
"8F6B56C4829B2A212C204110BBE23CEE377901273F54721A1CAA24FD3F23314C",171775
"0F747B1ED93EC361FB24F79E3F92A0F3DC05F8E8903B36243A5734C1A2AC9B11",171990
"330847C3F70F1A3C2F42F1D460827B481241506F1C2C2BE002B57A98AFE0E2F7",172006
"8FFE107DD1020463569ED71AABFA71FA27857E77D0F884E65EDC0DE049F180E3",172188
"918D14D1FC054361EFD3F2BD2CC7E91B6B48C461DC4ACF6F7369320D021B842E",172318
E1BC0CEFFC8141F0E35B11D91B5650B10492CA48C380CE7D226DF46223294651,172495
C23348230537C6F30B2B2C0B8AE7145F52D678A257F5D59D7CCB45C2C1DA152F,172742
"660AE25F28FF60780C491F7109CA73161C26B2D5B20E3804122F5A620004E274",173170
"64AC7D77C476E15B4CF9C0898AD7CB1B803090010F648FF54A4DBCB9A6D1B22A",173202
D71600BC399D7055E7E01B96F03765C84D80B9EFBAFBA1858D3E975BAECC2982,173432
AF748227E4109661B874E637168DE0F161872AF3700B4AD731A3A637330222B2,173759
"128EE259E09699A8A03259BBDA677AB8E5A4938769459C9DA4F1B7249C4BEAEF",173808
"7B0F4AB8CB5BAA0A4D9272223B7566683827D5B3B77B847A5E3294C87039BBFD",173943
AE58423A8C0EBBFDA21B4861E31E9B209C0BB1DE4582CB2B5C01226FC16CA5F7,173964
"931D0B8204045FD4FB55BD67FB2765EF8FE2C3AB17A581E84D54BD596602E5BB",174022
"54277144BEAFCCCEFAF2A1D98D1D13BFC33ED162F03C4B14B62055B5DA3577B2",174061
F3B28B9C1E73854726C3AEBEF184E5C892C57282A76C0929FD343B290C8D18C4,174348
"8F41892C074336437C50FDD63B9D82DDFA6FCD09EB40BA3864EC7B2A6285A72F",174909
"2278A1C307CF0EDE5AF4A50A50052D3E39C2D7838863A6AD0D1051A1166F41F5",175017
"79661D2B45F5EAA7B22E6E87EB18AFA70A7BF30281147792D9E9DEAB142AF332",175017
"0DF3C90B8C6DAFB0EA0944DB994FB015BEF4919775995AD13A47DFC82AEC2BFC",175347
C88EE9C17A9FFB4E9B51532896A64E05EF235CD3661F4B0EF13B8EC9AF7368E7,175542
"2010D7E48EEFDE32649FAB2429C1FE7C751DAA1636365B6C00EF8C9170278CDA",176193
D80A82B1BB0B52F200C9E841BD67FD6BF2AE9489E3ECBCC9F4A3B8B18EBB232B,176261
"3D0D22ABCD72848249A5736029CF905E9B4ED76EC939A7FCA3B36E0683E8292E",176792
F8845BC2D3C39D1612772FC3B6003CF1A03BCD3A683C103132AFDD4122E144F7,176857
"95161D0F38B1AE790BBA4D4FE829CB8D154EB3A82A2E47A4E589BE9A99F07686",177390
"9B73A586E1EEC14DE0A45892CA96A616523A371F3F5AD8D0763BA31E38F9E551",177477
BF483E4D509ED54DFD7A032467E9FE146434C70EB4FC1D21CA87B41C263D05DD,177520
A557A60872DA8D93C44097889D6D370080403499970D455246CF5D2C9853980D,177645
A2FD484BC693E793023FFFE38D1C04C0BEAAEB5A643631ED0CECCB76037589F4,177818
"2FFFDF1DA2FAEE5D8F986CC2FCA5AA617D4871702A7E9CE8F993FBE8B30BD2F6",178171
"48BC7797AA60C31E682F5CE2422F8EBB72A0FCCB9FC0404C99A7316899A7B6D0",178177
"369AF5F8DBDAB9B3EDC3938A797D568FA330FD3BAAD608ED863497F46B58BE15",178309
"4DA9DED23026C6AB6DDBEEA800C7712FF3D1C140D51DF1E8390E5EE1E041DA9D",178446
"4B7A5FA265F3865E9867D28F3F473338A1EA9025B903AFDCF97CCE181652A839",178908
"3F8ADEE8EB283B6107D21BD49A4A25D90A48D1B3AD20066C7C879B766EABF428",179246
CE5E6BDA83426C967ACCD5F7C3972577EAA5A5F4E043DD9E7857686122D26845,179262
FE06F9A3609FE2582414E4D215F27120D6ADFB7C8A60B09C82C5F181866023DC,179351
"347677FB237191CC804714A8FCF73E2162EB5C57CD3B68BF328A6D55BDB5FF87",179418
BBC5A5336F04A2E0CEA223692B18E7F0A58D2087971589140DA9E9839E9373BC,179558
EEC27DD06EB33CAE9F54E7573C004B292B95F86C4B95978148EF108AA141CF59,179903
"214F0BC7D6C4102D49C35E971F826F2E70F459C222FD0964F8626096883CAC54",180051
"60C5EA10E98200C2A8167E776D26CAE4AA7DE75C04DE5757CD33E85C2CE42286",180092
"38BCAA495914AA97491BD5C75E1B8ECBADBDE5785827019741462A0B9366D956",180765
A0D0A03B7BC28E463D3CFD54DDBAE973E682BECF46AF1DF9CA09B2C0151CAD2B,180809
"10DB46CB46F1B0D6E68D9810BA506298603E94451444A834011A273D385045F9",180945
"87A1EA420581B5DAAF42E13BD23583425576C16A1CF2B6CA49F41737C59A4071",181181
"303C56FFD85C13D4120D96FF98210DA6CCDDC83F00715B331446C41A280DBBE6",181512
"122EE44A5CE1BC99035E249A65F620C29199234FDECB7DA0F7EFCF68A7C4533E",181512
E767E01A74502DF04A21B33D6222AB7F18626D0C6AEB45FD2679AAAE236A3881,181749
"346BCC2E8B6391CEDC7DD8C6722CA2DF4A0BD9F7256C166190A78ADA0E4E3620",181926
B2650D8E79309DD38D0E87E9D09ADD615B1E8FF22354688DA5CCC57150E693DC,182370
"9FCAC1CBD52222E6651FD254C1DDA58E834664775EE3375B373FBF56C92C5783",182370
"73C8F258CB8514AE32DD7FD03F9EBA11539E7CCE4DF8EA9F34294CB79809E40A",182406
"1229EEA32504ED72599F5365BAC7831F8101163EB7D0E5BF3E4B99FA00D80352",182414
"35EB90785B883CE05A473E1F78F4AF81C16D1C01F571DC4083CA97EC9C19225B",182435
"535DD49C1CEBA42BE3C8AA5A000D2B2137A35263FD98074930F253217AD10D34",182570
"996B4F3789A1E964A19FA91519B2315BA11E9768DF9658B28EF33F38E586B899",182570
"200D42C01B7992251E17556AFE72113B11518DC8D60C258624A0207371CD2BB7",182586
EB1B47A037F7B36AEC64464CFA644DB0757E6996D762E47EACBEDC4F178F4ACF,182684
"53B6656909F00EE8CA5877994AF16A54A80F851CF737F71FB236EABA3EA1B8A8",182721
"2332309EA6E45E7AA7FE95B8942C18C525858A8F9E7C79778CCB5D87517C2D72",182947
"6B92F03C903D7333C11F7BB9DF238D85897FDBDBFC9EB0A933B4027280DB664B",182988
"5C7069C7136594AB1FA4F3E452CDE401AA9F5FE52430137152C57F3E729EE259",183049
"24936682A0388E883C5922447F90A9C5F3DF21F4F3370D94E7A4D53317294B51",183967
"8222516B94235258EEEAA03F07366E7712F14512796495CC66EAC4961AD7D9B7",184066
C65834EFABBADFA8D6702C0B9F524E15D6533752EFF4B4B4F628AF32EB478315,184213
B3525BF3FB5D166D80652094B6B4D29A87744EBB5B915D0AE459D86D4841CD13,184329
"1BCF0792BA9B88B9806EF27A2ED67985187BB1B84FADFAB49C93C182279F1ECE",184329
"5A8755025DF4D78D5D67EEC02647B529D9BC4A73218E80D6DA11B6468739AA92",184740
C7D6695498B478272F1A1D433053A2DD10E08DFF6CA7964E5C39F86B346C3D33,184757
C905971AF20C4FF38895B4F055C2DC0BF1CC9FA7D81A96EDF90A9286BA5E461E,184782
DCA06A159406B9348063A83CB0D43C31BFB7C9178F52DAFEA6BB4E5F057FC533,184829
"4EE16797A999D192C681A011AE9C50AE6FEBF85B1E018726548ABBF61B839229",184900
A7FEA51405610FB3CEB54DD9C4F02164A224393FE9CD0F5BB094130D8B346246,184921
"43B2E0FA9F14AFA5F001D3924F38012649EF20B22016E026EE4DBDDAEDADCEDD",184947
"2B2B43DB8C03A01DFAB5B8E6CA41E7349E1713C750629550810A8190055A1A86",184962
"247231BD4247E9400B780037172F26DC90A7133C5CBCA211F9093272AE75F9B4",185036
D70D12A27A8067395A4D1E2162AC380A840EA1A1B9EBAB5010D734E8DD625C69,185406
"101571560A50B5E5C874C39A0FE78A612828E33A0ACC0762EDDDF48EE015289E",185623
A91C7096E37EC26FEDC60FF4DEFFF62AC45849504F209071E4A35C0EFCAAEC23,185698
"3E7EDFAF71166F809924B9857500FCE4682EA022F823700C33A80157A6F34715",185772
CAC64E47F5997376E6CFC85D01D86DA4D448F5A91999880AE110FF9600A66F0C,185825
"874F872BA3EFF77736D3149DF2E396FF6AE43A4DB38126425A26FB875FB0B82A",185896
"6A7AA6DC31D7A3937DD953492B118361F6156A64B40D28A7A1E0D46C1F2BD671",186178
"4261740D48436219DE83AB672627407E828E607D79893EB5BCE5F73B26D25C7A",186211
"7A0B5F4C525BAAC0289DA2360560083337487D447D866FB940A16655D4B918F2",186227
"1AB50D6F514D3F9E627DCB2EB3E22DFE774DE093EC515AB620B5B3F988505328",186297
"94239B89094A1E27C49D1D01036BB7EE66FE4BD1F78DF34871229AE6225E25B5",186558
"37232ED2179CBF4FE9100D0E1DEF72FA080D993BAF505547F93B2C8E0973C9FF",186805
F745D9B3113E38069182DAD5FFBF24AE27B7090DB71931A2A37F5B66D21E7AA9,186884
"41CF0E215CEEE48753C695356963C0FCF91F1ED04830AC64094899157C9903AF",186953
C49DB0F28BF69029607871621860576AC365626F9C7EB83A97B7D9E5570180CC,187027
"985EF0AD89DD3907BEAD309A12FB2264D0FF1E0283103B4F0A4CCF1151B96477",187174
AB4E5A09A4CFDE2F05F77EFDD207DBDD851C4340EE4011ACB1A2867E7C120F63,187224
"817A1A4DF36EDAC48D5DB2C9337FDE9A3DFD1721DE93632D9A28D069DA613F1D",187237
"2703D4847F49A6EB797266A1B9DF579B61FF246763D569813042498C3037E1F8",187310
DB8C5177DAE3269A57D301D56ECE68D00E1C13E97B7C806547335A4CFE568DF5,187563
"49D6D5F1B7738990FF6CA4C9915E374B11EC7355020336BEEC6F3FE3D989696F",187637
D602420DB8C3656077C2049F76636B0C078DD19334FB9DB803BCC8D881D007ED,187809
AED67584412DD4AC968FBFE37D3E663BA24B5B71D9A740D3CC6C9F0225DB1CD1,187884
A421B07AF461FA6152B0B4021409D76885FD42D54A64D250BBD4A33ECCD0ADD1,187955
"211AA0D1497E7D567C5871D19D3204BFE42C1D31F20A9017B2258835C51EF8BE",187955
"81D53E9FDE9C69ABBD85E654320332B83636A39AE1565EC4C207F04AA72C3079",188025
FC2E97B6B64CBAFE3B937261150E66001C0678C80752F727FAF1458623294104,188449
"58668DB53D70F99F492FB57FFE41D703575079566AF71DF12D72CC3E31B0857F",188578
"42272954D890B29B2FC407720A387A9D6391AB5A4BB9D2B4E0B2AF701E9BEE4E",188698
"4E1192A90D94E212DA4EF3B8B78EE9DD8869101BEC2424353248B2C1F5A38C52",188978
"2232538B88833F2FDF258A5DDF3269CE98F5F56B63382665C217B0C7533B2B44",189237
"3DA1479401DBBFA39E6477B4D95D3E2CD5AA2DFD7C4A7960FF9B0490496598C0",189292
"0A6A47D74741E0A456058552045413624E60B9D03C89A47C1668C49CCE278FEB",189292
"8D91DD89592C07D227D128BF7156D9B89CD80C3449189B56325215AAA657ED40",189411
AE7E211BB6A82A17C1CC5856914426FDCFD6AD8C08121AAB9E097B8E6D293193,189411
"326C557A41F1083033C00B15D822E8D863C73CF9E3B51FA657895BF218C55C54",189427
"3D5F496D1B7CF6CDC5E0E1F4CB912D7D9222F4916A16395A1DDD25E00E35F670",189648
"0ED4BACD947CE8D7D448E42AC63BDD7234BC434EA2E04378195156D26AD5286E",189680
"27400F368652ADAB79B5AC56FD76CEEA9838FC0A4A37E2505693AF0A616BED95",189702
"6F31B05984ADFD3D9F22FEFF52475F4F5413B933466B51EAB89A0469C2D0C20F",189702
"685ADB8383D2C737A28C16D36FAD4A9C79CC0B3AB7F33B7B9208C4CDE268C6D6",189843
"95FAF8FFE7A60FBE3088A77D5889ABF4B5AF701B53749AFB3DFE00F5F93610DA",189914
B96C9BA789E8D30FBAA1DD8C330F26FFE5FFE3508481F6D53AC446CDAF756294,189914
"52EBD1B03AD8900B69548279CB95511787EEF6FE62E5F2ABB74B00EAD50B09C4",189960
"2481F06BB739A33088CC417C5B1014738AB973912AA5A70E9BE97FAA8FF6843D",189983
ED287215719169237409735995D4949D2443434B7D59B96D708ADDFC999653FA,190052
"4D8FAF1EDED088764341849364896402917A9122BA602C3C50A1BD2E7E92DD15",190064
B320D69EFEEC95C9E947DC7075C3D8347EF34C53762AB4FC2B1A014537620F39,190107
"2FB1BE13A123807CAD55150FA9BD941E659B8D676F3F542E23527B9000BEC2DC",190107
"8FF1A85AD84AD795276CFB9FB1C5769A94BD2A0D1A6779C3359A3874203E0753",190190
E51848679606B048C6B5F4D79C2A2C8C367DD59F7C4DB096793BDF42F496D57B,190250
FB9E0BBEE07AA79D445BFA86174BB86598DD4A9B9A5ED4A87889938256464985,190298
A418117C359579D1FB6C41B77E2067DC5D1496AF0FCDDB5F71D60F9D939D6244,190321
"2B5462D1013F2A435569555BAFEEA3AE22CC5EE1D87240D1EC9BCA91FB4D8B76",190321
"9A48B844250644A15A6FF3116D5212CC857517703BD1A11B254C0D36B2CCE5B0",190330
DD6F387D9935C90CBD7E4D7A3A9B6462C5A537BC50F3B4FA96AD6489C09D82D9,190345
"22B6F17B748075784EC0EC6EE5C0578CCF50AE04A20BA9D01030F9A03709C11A",190400
"4C452DA9D6BC6D848CF60C73E69ABE0735F03C4C6B77848845F766337ED34B00",190446
"974520E74D55AFAEFD778DED4A7CD48B37DCAB688424BFE328AD1AFCBA9E1CAB",190466
D0C808A3DD94DE19928140DC97364C5E68EE7789F617AB5B894325BD069CAB3C,190499
"46CF8819CB3639AC3FDAB65E0794460248BE4ABE6D11D7A5CAACE5876934EF98",190509
A67E08B14FEFD8B9EB212A03EDE457A270EA1F9925EAD9BAC7FEA9137B424595,190509
A7BE63702E1AFC0C2AFE760491D280AF2F62759F56A43E6601C4D7E72BC7180A,190537
"07E445C5C5FE69F6AFC3F74838566E491BCAF5BB2D542821486E5D98D0897831",190540
"79D2DA3A4439E0EEDD6B9737259434E434D4F09CA388EB0008CEE54878C3B110",190555
D5628AC2DFD5D59C75F7AA78825BA7409C7A4DAB61147DADC2210ABB41C2DDC0,190555
"0F9C0EB545D9799C8ECE0623FD7A8EC264B13433CD6F52A6389B10C3A6B4CA96",190619
F598B2E3BA0D9F6FE3DCB1E1D884125EC2C505E42759B48C2997C7FE866018E1,190651
"659C92D3659DCB1AA7F16CA6430ED0BB5948EF8A5FB7324FA829707D2A2A68CB",190660
E05AEB30D6C74CAB2A131FA086B94A10BB518EF857F3C2CDB25E82D68BEC8175,190661
"4F28D0E5C98668F8F4FDA4E0EB22BB5F89E0425350C32C372A3A301F9AB06C8F",190687
"8F41121379AA095A0BCCC16F18570BCA6CA729378D1AE560997A3A8F72423CA9",190897
"60F66E377583B52D98DC91ABB0B5341F35315C924F3D4E24DF9FC57D6EEC493D",190925
"45CE17E74EE432A05E4DFCA56376AA3663E83888CD89CE0F6B37DCB737C4F353",190996
"2CDECFDF9011DE70210277221F0BCE467D5EDEC96EF2DF1B8AC6FABB152DC19D",191150
"16463F0843283A6AAFF6284D2087F67D538C8C3A3DD7399C5D30D54A7E2C8050",191558
"5711180D87BDC81AA695C89352728DA659278650564BD2B92B34A49A86722134",191645
"181E7D3065947EDF368260CC0B74E13201C7174891295989960F27F6FE519BB9",191680
FB39C3A1911AD33C5FE4DF746A2742D20D96AF2CA77932C1B9C203FF153F1EA6,191912
C7AF65B04E967A0545BC4F3743267B5E305DBBC8788C5A2C1E1945825A019964,192005
EA445FA8CB99AFBC2A3A529CB82AD50DF3411C051C4FDE873DE80A88C88DE66D,192026
"421FC7720F3A292E334C1C297438D456BDD29AFB604EC401BA853F6C450B7D21",192572
"6A25E244BFC421F36CAA91A76BC923D8CD4E4C6BB5FE747B70DB0E65C248FF5E",192667
"784937BC040E8D039DC806081A7674B8E7B115D67E5C80A374A9E53144911C44",192667
"43E6EF9B557BAF2C421E71223E7A0A12DEFD336BDE8F3A2817657EF2FF1910A7",192823
"0FD043E9D15B0366081D532AE459B1BFBF80A723388F05E19F1119BB81006B26",193041
D0875C5E8022421651404BBDC5467421EA91F9ABBE150153A2BF30109B536E85,193061
A5D085B6E693D063683B70F7DD0422F7CCED1ED6AA39FC65AE1EE53CA5CC5D8E,193119
E46386F5543E4D940C6FDE75B1F8D31C95A7B779DB05C279574F9990FA1E957E,193119
"1964BE8E7259CFDF94A43699DE72D5302AD6655F54E95511250D0591BCA0196D",193176
"7282B460EC5B27C3B5C78E7BECC63D6BDCAD239D78D22EC9B0F6051404B1101D",193218
"103638F2D54C86F6E0803EEDF0B052F1565BCE7DEB4F66B9E58709EDA69151C7",193219
FF032F859A6816EC51D5E3439A7B5F6B9EA68B294B6DE7F5533A5CEF0DD47E00,193362
"37339CF650CB96A9F0C7981B8FB799D5CCF45E18C941B0E321911C5D760A7B4F",193384
A1FDDF548D5FFDF8885E38223F50FA4F67AFD53EB707AA514D67852B45D429DC,193521
C36DFDE0558FFC7EA7F4F951AC5317F2A1E6C492C40A12FC741F45744585BCDE,193582
"2E3C684A7FFA83BB6EFE38F76483745D58CC6BA380755A965FD080EB3EEE6B31",193582
"416C76BBFBCC5590126B43E07A08D211739A18AF0D02F68CCF8700CD0BE90AC7",193635
"064257571EE53F90B7FBB774C2FE61617C7A8472E978C58E4154AD37ABD8D027",193679
C7F7D93895E520EE9439340BE4D47A0B6C77172F55A22BDCDFDBC4BA71A9B06F,193679
"5201840A8BDD8068BC776A45D45BBE25DFFCF2B44D9A9F91AFCE0A0D24A66E9C",193768
CB2B0307BA13FC49F7DD122813FDBE5F8378C395C7074D5D8FA7470A1E84960A,193894
BF3E6BD5E90CFADD711ADF243E951A884DA45BCBC2A1E158F8A7390E0EE87407,193894
C38F8D15BCF015FAF116C5BD103A519000336BB9DEDE3C259316C4622589A9EA,193961
C15C35140476EDC29193B76A0F05244F264A7DC0BC4049306BB4660D6A02EA8C,194012
"4821F7DF4B88D9B534E8A2261617284F43F6DE5B6F728418DF155224A6058FE4",194264
"523ED6F2C58AEDEAC45594E7672238D66279FC787BFFF11C8F06DBA14B3BF47A",194284
B57BC73F29F6E5238D1C61054AD2E72E0408A456BDF929BF5B62C93D4649DB07,194290
B901B5C53C1724B7A954F63149EEE8BB974C3E78AC8C45AD047C2B6ACDDB81CC,194495
F0D1F5C316B9BC8553EC4EC8047AA4C802A7B56DB8E75067C72812D22CB81898,194546
"8E2BAF36750A78FA4E1F269B7FF08B1294610C2C28BC3F349B34530C33D4EBF7",194611
F1916A3BF100B200531C1A773234FD97436219D474A3A2489B981D7A2B643F21,194667
"4BDF14AD8390E11E9D6ED7AD174641F805779FE2D6A11E94A9B6012C584DE215",194695
EF4724EDB337448FB0A3548DED6FE54B05AEF8BA05187D0162D2AB736D34684F,195104
"8AA1EA164AED9E3CB6538A4EEEECC5A002B2ACB5F696DD8A430BB1C326E64339",195125
"2733F05AA330C138127AE412CEA2D625290058CBA059BCAE9BA1AD1B01A2674A",195374
D53AFDEAE81047D739241CB6DD5334D9790EEE6503D6D9D5BB31761BFB00CAA1,195978
"2FBB8CAF2C453412E958A87EA3EFDF43C7848F0743FAD6628257E483E7B73739",196035
"02D037E39B4F8596DF04224D0BB4820CED8CBA85FC823790198C8FFA0D8C8863",196454
"0DBF1C7202DB138F6FB4A4A0309544CB94415083D78C9B34F4D467F01D1685B8",196638
BD9A9EDCC606FD9E96BEDFF917002DCFBEBAFDF96DE95BCF89490EA7985B24BE,197632
C2CA2F3702B37236A9F985979257D9EDBC394EA5B4EA1066780D23BDD4C3AB27,201880
"027DEBC41C8DD470DA7CCCBC06A1A94D9F862A088927F0143112B034A09919C7",204004
"77BA4CAC61717F7EAE7F47EAC0702B5079E866453BAD912B8943CB4EB4929166",204458
"55E8C706C08D50B525B090C0F121A61ACA36740B60799A9BF2E5FFB8153F1D33",205115
FF0FF706906BC256F6384F0C1EBFC04ED687A7219C717F100D142A687F5C3018,205321
"803186E829E6E4048A53B78B995BDAA183DC26AB3F2FBB49F31165A1C907EECE",205376
"955C3E3108C615F356C5ECC1EF7911B7345FB36E7A84EAEAE1D30623584EC9EB",205703
"0AEE96BF7604D41653CB19EE4F7B829CFE94FE605043439368604FC03B7342F9",206096
EAABC045DD241CAF38122426B8EEF4C787C48D169BAB2ACC814B0323BB66B603,206214
ED7B6C54F2E988746BD08BF2797345CC797C003CFBC7BCAACC9B5BF2FAF72F1C,206226
F939B986ED0C9715849ABD9D1285A91F128513ABC170D7889B4B57C0C30D82F8,206357
"89499F80110564477D5ECC9305E7CDA9618BA7A329D3630633E6A65F2885010B",206422
"9658C80147D5F2607ED1EDF4037CA4C3642856A04BA7057C472E4344FFC498F7",206491
F46AC9FD698B489EECE3B60A9D380F0CB69ACBF218F9B4F38F00C1B1ECEC2706,206743
"9C54E5BFBF947795D7BA517D0AAE17CEDEC3384F1E2239D1DA06CEFA625C28A8",206924
"461999BDBBEAFB9D88FECAF3A06DB2517E4FEA20EFFE4463AAAB815872185938",207159
"9C7C1F11E4D26C26F1A1C049BED915D7C8444D664B9208340C54B4EC439994B8",207466
"1AC2B2710334E5E94F3B74577315C77E52DD682057DC6C81AFB9CF1449899EDD",207527
"994EBF6C4F2F1005C3A8C7F51A9E2DD6A6E6A32416DF432842FDCBF8DCC724FE",208596
"40DD18599581EB3966806216E0C06F613D897E8C94BF4B55C3D85833372E47ED",208609
"0ED83CFC530B8626219F3A6718105238A59ED3B088FBF4BBC138E4667C960675",208797
"47115BF0B16F4D31C3AB5F2B9693E3A5F172F748C5DA7F46D0E53FFA4040B2CB",208859
"92CE9E9927E3516FA15D23972EB6409A9950CD821E38DCAAD24A25C03D254A8A",209047
D025D10A51A59BC3830702055ADFF730FA66A9594A6124ED4577A00C81CEC3A8,209294
"5E0C7BCE1C9615C5606554B78B05300524B96A6E3C1C220BEFFDAA010EA461C5",209483
"8431CCA54BBE6E96AC51EB8BBDE22DE6F6E02A4AAB445EA6502DC558E534816E",209985
"553062D1431C4ABF404ABA448DC7885542874EB387E6D83A25925250BE279CCC",210652
"8DB3080C86FED40AE87D06D1974CB13582B83AB2F379661F3C1E460C8601FD77",211193
E369B74AB5FF3B3D3403B37F6AD8B70F610F05536B8A3067A798F99097992F1F,211198
"66DA81923130BA0008E7B8E14548D1F0EED02FA773C4722CE3C012FBC8CBB1FF",211845
"7222A4AB36230B7C7EE9C19E1F890E927430DE92A671479E096012F26ABF510A",212161
CA15A141842E5BD68DCE1FAC303B1DF1942FA12E072A2DBB75AAFEBBE99763FD,212211
"19CE786D1667952218524EBE465BFE9BB6132D8DE111C740E98863327C9019E8",212291
"46631032C5D29C39F3E13C8D5AA947BEE49C0B9BD110950C15AA0C4951008CF3",212549
F33C10CB8573C9620D784538660399C8CD68A7B47509D6C159B495B365E9E28B,213528
"1B0F9E720F19E6B538AFB2327F798D9B8FF797A095000C05E2730080867147FD",213662
C4D9470611C7DD2662432C8DF89EAB470A20A9EE9E00F938A66ABFA6CB237575,214467
"4C4A99CA8233E2AEBDBCF60A07CFC5F9C84BDC54B41897BD0C10CF475A883968",214601
"05944317AF5E05D29EECCEF7E933B8F651B10177ED3AFFFC6FEFFDF281F5A44E",214666
BF971859A6E5B999F9978331D29C8C10B7EF151A8EC9D4BF5B6B06BE68EA524B,214991
B7076237A5C8BFD130ADF9180FFE4CB46474210C8F194F8F1C864E4C7C17B9AB,215577
C1B07BCB9CEEEBBC567979A4C70C95A6E0A1517608C16BDDAA8EE6E59C5E33D8,215643
B66990634907D464BC8406877D70F5BD13876CD932B7F714F21A2FCE158C6D4C,216154
"208E7ACBA13FD9496FD77355AD9310281E171F72AC80ED11ACEED10BB38DCBF8",216966
"90745D32F63B27B732E5BA0A0D95619ADB3ACAC7B96FE5FD123D2BCD79CC6028",217999
"762C44049F11CFC603CBC404153666DF6B869D58A9A2C824427876DE8C0B1B83",218446
"3829AEC708287BE0C1CDB2310B8F5E33DE4DA9FE69D5C9FFD49C7B87809A1B4F",218559
"63E4BED12EBF9D7AB441EA3039DB055BE4CAA6164EA8CB9A2BF67328C2E52952",219878
E783C9187D472DBF436E7BB7D20D1E62E2952AFF75981DE38523A97A2C20F1B1,220384
"02FEE4C829149C91C55166BF726263E090AA7A3A2490338B95D72039CE7DFA85",220643
D1DBDF8B8717273DD34655CE9490EC47CC38C0775D514048677034C431778929,221339
"85C841FE881A87B3931920F99B6FA01B223B1C1530657F237448785F55EE7ACB",221426
"7A9A34D571C52A86F4C46E2633F4FB6540C8DAC21BA3DAD120351DEFE808A421",221592
"15D20E9C7ABCF403F517D13A56B87B96F0CF72C4B7A125A9EAD223FF0DDB7F3B",222041
"512ACCA3DFC9636FFBD04AE4603D35BB4D995A69F297A4BAFF1CF6347D7197E6",222443
"0BD9A731938AE4EB3C5C6617EABC0C9F9FEFB305238D1372B54989A7EAC4A50D",222911
"02D4F92EC2C270B71E9066F4AE184270C7BCC4BDF49A188A8D801804534643EE",223019
EA13BD2B1846D9244FFA51E2E6201DA8E56563D6FE7860E52FBB7AE0946C931E,223388
"937639ABC8FA2A7B830151D5F90CA19453A5E55A57F30A213FAB17FCB1B6F67F",223524
"3D46FFB358F0C427DA8CAFD0F8350EF0EB4DFE6B29FBD65A79F8F05AA1517010",224409
"8086E1FB47296B4E6E0C957D423E21821C0F851849520F332EE3630EB749F8B7",224473
A16ECFC0EC82E8A5F8985247A174782E183A2E22B56083E8101AAFB7F308CDF7,224906
"1225A3600B83F57942C09471F04B9EE911086CE052FD2556A353EF268CD0A48E",225093
"0EF1C35A851B2B99E6D4BA1870D19D3CB0F7A6EA05388BCAB64868BAD44D2CF0",225250
C79C2234AFE2878ED82940CA69B6CDA21F0AE5ECD17CCE2E06B448350FE29D96,225461
B37375D8E5A8CB9E1B1A343AB06D25ADA6D6F8F7C226E055225D58714E97FFBC,225673
E585B88BA4B40D6225A04D5A318EF3B33FC1F57625159F63E03810411C60B6BF,226079
"4EBF7CEC3D51BA6815337802E215D21A4AD4C15B5FE4AA80C5F4B0E8AB9C7C52",226305
"82976A50FA777DB42C9DC8B2DF94B6D2FE69D6E2D1E6EED6105D72B69B603E1F",226615
DED3F82B8E4C0A4826E81AB1A4ADC59217932610E5538408AF741C2EB56FD078,226816
"610339C3AC330956555F9BC1A2A8C3E784C3AFA2F3E8246674F69BDBBB8DB7F4",226949
E7DC6A1832A3BB4A098845341E765EABBB68763D7D58EC4D81F146E49FE04E31,228178
"9756A189D4CD68EF27B659B0533F424E0D0E6AE377B4C868FFDA39FA09188F67",228806
"9187B6597A42CCF8BB80BDC3579EF28803C731DEDF6D6CC6281F6D424A22C54D",229717
"8B6020C19A07729D221B0BBFFB654E4BFEDAFF99489069AA10892DEBEF4B3328",230046
D89A45C827421028BB860478977F94A19497324D944EF38AB4B4F7AB8E54EBB2,230659
DAAD17DD2097EABA7EA2F153012E7A6A6A32D361F27E75459FA663083146684E,230864
"5DA961466625DB0BE683482C1E32E10600ED6FB1596B9E00CF404E6787DEC86E",231197
D374C52A3218219F6B30355C74A8F3C50C8F65C4C39DB9A397D0706E156211FD,231264
